Rhythm,Puzzle,Other
Beat VS Rhythm,Clap Instead ,Handbells
Ribbon Wands,Melody Maps,Hoberman Ball
Rhythm Band,Scarves,Waves of the Sea (Meter)
Rhythm Stick Patterns,Take it in/ Take it out,Covered Balloon Pass
Squiggle Maps,Guided Listening,Flags
Beat VS Rhythm,Action Word Actions/Gestures,Guiro Notebooks
Body Rhythm Patterns,Concentration,Mirror Image
Create your own Body Rhythm Pattern,Icons and Emojis with Actions,Ribbon Wands
Drums,Scarves with Gestures or sign Language,Silent Video
Egg Shaker,Sign Language,Sing By Color
Jingle Bells,Color Code,Song Puzzles
Jumps to the Beat,Crack the Code,Song Story
MƒÅori Sticks,Envelope Game,What's in the Bag
Paper cup patterns,Eraser Pass,Sensing the Holy Ghost
Paper Plates,Fill in the Missing Word,Silent Video
Pillow Patterns to the Beat,Put the Words in Order,Story Song
Pool Noodles,Scrambles Words,Two Sentence Testimony
Ribose Wands,Action Word Actions,Mirror image
Patterns,Concentration,Partner Scarves
Scarves,Draw the Song,Song Puzzles
Spoons,Inside Chalkboard,
Tennis Ball Patterns,Make the Picture Come Alive,
Egg Shaker Pass,Melody Maps,
Partner Arm Swings,Role Play,
Partner Body Rhythm Patterns,Sign Language,
Rhythm Band,Color Code,
Rhythm Stick Roll,Crack the Code,
,Envelope Game,
,Eraser Pass,
,Put the Pictures in Order,
,Melody Map,
,"Numbers, Numbers, Numbers",
,Concentrations,
,Crack the code,
,Eraser Pass,
,Envelope Game,
,Make the Picture come alive,
,Put the Pictures in Order,
,Put the words in order,
,Role Play,